{
  "nodeLayouts": {
    "inputs": {
      "x": 208.6600341796875,
      "y": 57.110591888427734,
      "index": -1
    },
    "outputs": {
      "x": 321.333251953125,
      "y": 479.3333435058594,
      "index": -1
    },
    "log": {
      "x": 800,
      "y": 42,
      "index": -1
    },
    "semantic_kernel": {
      "x": 140,
      "y": 176,
      "index": 0
    }
  },
  "orientation": "Vertical"
}